<?xml version="1.0" encoding="UTF-8"?>
<project-private xmlns="http://www.netbeans.org/ns/project-private/1">
    <editor-bookmarks xmlns="http://www.netbeans.org/ns/editor-bookmarks/2" lastBookmarkId="1">
        <file>
            <url>src/calculator/CalculatorGui.java</url>
            <bookmark id="1">
                <name/>
                <line>538</line>
                <key/>
            </bookmark>
        </file>
    </editor-bookmarks>
    <open-files xmlns="http://www.netbeans.org/ns/projectui-open-files/2">
        <group>
            <file>file:/C:/Users/SURAJ%20SINGH/Documents/NetBeansProjects/Calculator/src/calculator/CalculatorGui.java</file>
            <file>file:/C:/Users/SURAJ%20SINGH/Documents/NetBeansProjects/Calculator/src/calculator/StackInfix.java</file>
            <file>file:/C:/Users/SURAJ%20SINGH/Documents/NetBeansProjects/Calculator/src/calculator/Calculator.java</file>
            <file>file:/C:/Users/SURAJ%20SINGH/Documents/NetBeansProjects/Calculator/src/calculator/StackEvaluation.java</file>
        </group>
    </open-files>
</project-private>
